Password: "O.jB40q,Execution Time: 0.0 seconds,Failed Attempts: 358
Password: y7{1H2-8T{ki’6,Execution Time: 0.005135059356689453 seconds,Failed Attempts: 526
Password: k]Nkg+J"68zX,Execution Time: 0.0 seconds,Failed Attempts: 572
Password: 9(^L{5.Y{35’_"’]#^4|x'?^-&'0p)_8:-)<}?77_fX114d!3,Execution Time: 0.008135557174682617 seconds,Failed Attempts: 1280
Password: ]5SEkM*ux%/z)v_A5Q';'!1M5X84Vy7E91:UT3%)&$57~&B(V=q1%,Execution Time: 0.021260738372802734 seconds,Failed Attempts: 2097
Password: 8B.}n20#9648k4[(*.8v098’:%819,Execution Time: 0.004138946533203125 seconds,Failed Attempts: 876
Password: FK%n%:$’aCw23cWpW>5zR&O6i5E90vxg0SdWs*3^wX’,Execution Time: 0.0036160945892333984 seconds,Failed Attempts: 1933
Password: 5z=Sd%e-r8$102Ar25}k<25!A4m01!349}Ftmc),Execution Time: 0.003958940505981445 seconds,Failed Attempts: 1385
Password: 6gdmUU&cta1C63345q4M91&XA9GK16dhoH9vU03SEF=T1,Execution Time: 0.005272626876831055 seconds,Failed Attempts: 2200
Password: x8&O’&qYCb!ZXOXqZ?/'[e’~4+;Y&t+(Omkj;T{h]frJmUrMUdc},Execution Time: 0.005936145782470703 seconds,Failed Attempts: 2355
Password: '}9/9|g.0Bj9ngZu’Jn76Z5wYE8?fyAdRGF<5k{LtAs9o6$+HL9~w"OlSF7+xC=G_,Execution Time: 0.006568431854248047 seconds,Failed Attempts: 3048
Password: C&0p~-l98gasIr=]<z-0]w^#guH-({[dy:T/c"#'<3,Execution Time: 0.003704071044921875 seconds,Failed Attempts: 1425
Password: 847m060k69k!0l+xB9B3a.+{{M7a0:.iwP!6y{,Execution Time: 0.002824544906616211 seconds,Failed Attempts: 1417
Password: 62R0t519nswi49f49uC[g1uv9A93h,Execution Time: 0.002797842025756836 seconds,Failed Attempts: 1296
Password: V2X0661u=nhJ94NlyfJw9N1WZK9j0KU8um9hV8uQ,Execution Time: 0.0046312808990478516 seconds,Failed Attempts: 2187
Password: 3L4g6cp50!~;o%h8[Ijy.=’s)3o|r2687N53f+9U($5*oo6,Execution Time: 0.003922939300537109 seconds,Failed Attempts: 1671
Password: 6&82OtQ2I25q192ED485e*ssr.Dk{a1(/.j6f5e544~jl7<gHWG4UK,Execution Time: 0.006077766418457031 seconds,Failed Attempts: 2334
Password: f/3’U7,Execution Time: 0.0 seconds,Failed Attempts: 225
Password: Gpw._KZiT#4z^0nG!4TM21oBN?wnSA0)4LpRGm)fCayQ*e5/4"0rl-5kTH43|n,Execution Time: 0.004847288131713867 seconds,Failed Attempts: 2919
Password: u76ur8|}4d}NQ(u>V$<zME/%i0?<>13S'q.J08R|waJ0,Execution Time: 0.006125688552856445 seconds,Failed Attempts: 1862
Password: nS$1=}qgt6)+s>>{uq4_wb8!6oFgzs!s4a0$6x7Z}h,Execution Time: 0.003449678421020508 seconds,Failed Attempts: 1608
Password: 435jJ*L12>6Q1SOTi:O’PA8GL0Y4(T1’W.1UXV:Wk6f,Execution Time: 0.005016326904296875 seconds,Failed Attempts: 2169
Password: 0v88>uOag6t.(Yx34;J0ze|l{eykr1.gx649*:yx_,Execution Time: 0.0033380985260009766 seconds,Failed Attempts: 1713
Password: 4A493RPZ6i-;8jDQ8O4Ytai7r1~TyFYgy2&04k38gOU!8KlZ,Execution Time: 0.005573272705078125 seconds,Failed Attempts: 2402
Password: rbuy[_pl4MQbSpLzvIsrIJrD03LtA/,Execution Time: 0.0022084712982177734 seconds,Failed Attempts: 1663
Password: j6P|#UnQ6rCYN5~37F-0"TW2u5fB8x6c0+g1I&1BNLZo8E9b1,Execution Time: 0.004940986633300781 seconds,Failed Attempts: 2348
Password: v.jk16&104*_8=6/suE$e}01*7&ZaN2s(qkqap*n48b14tyiu’x5,Execution Time: 0.004302024841308594 seconds,Failed Attempts: 1950
Password: 0>D+’2I12cr66p138kCM-J9z03K'>E,Execution Time: 0.0029311180114746094 seconds,Failed Attempts: 1254
Password: Y-64wDzxQMkX1'999wLKC:m5~{WI-y9O2-0EU49puY6LRz261f|C58;,Execution Time: 0.004828929901123047 seconds,Failed Attempts: 2712
Password: 26YUV0VUu65JcPgw3GCL{KINYC:’L6G,Execution Time: 0.003470182418823242 seconds,Failed Attempts: 1800
Password: 9M>65DA4G544mv1>74|2'}bF5'R4Jz:D"<Hp,Execution Time: 0.003671884536743164 seconds,Failed Attempts: 1550
Password: !4G9A[q"=]RT!M&;%:6DZG$';5')vb3+=EfVIXU*G,Execution Time: 0.004731893539428711 seconds,Failed Attempts: 1695
Password: A8D1YZP?P7SL20O0A9480HUl5BT/VEL,Execution Time: 0.0016601085662841797 seconds,Failed Attempts: 1781
Password: o6CvUG067wBJL>f-&ZhVe2(-cnb971lu5bD-6-g4j"yP<!<927.Kq,Execution Time: 0.007704257965087891 seconds,Failed Attempts: 2302
Password: pU’0h}6[=n6Z_AL|l2d2Pf;j"<A91y[gF"uVF6q,Execution Time: 0.003174304962158203 seconds,Failed Attempts: 1692
Password: t82|C571y]T4>C"^K66!D1f3.%]o07AG/7{[IX68>81Dw,Execution Time: 0.0040018558502197266 seconds,Failed Attempts: 1804
